url_path,views_total,views_unique
/Ladbaby/PyOmniTS,97,49
/Ladbaby/PyOmniTS/tree/main,24,9
/Ladbaby/PyOmniTS/tree/main/data/data_provider/datasets,23,3
/Ladbaby/PyOmniTS/tree/main/models,16,11
/Ladbaby/PyOmniTS/issues,11,5
/Ladbaby/PyOmniTS/tree/main/data,8,6
/Ladbaby/PyOmniTS/tree/main/scripts,6,5
/Ladbaby/PyOmniTS/blob/main/data/data_provider/datasets/MIMIC_III.py,5,2
/Ladbaby/PyOmniTS/blob/main/data/data_provider/datasets/HumanActivity.py,5,1
/Ladbaby/PyOmniTS/blob/main/models/HyperIMTS.py,4,3
